"AMBIENT AIR QUALITY MONITORING DATA FOR THE YEAR 2019
(Manual monitoring under National Ambient Air Quality Monitoring Programme)",Column2,Column3,Column4,Column5,Column6,Column7
Sulphur Dioxide (SO2):,,,,,,
State / UT,City/ Town/ Village,Location,No. of monitoring days,SO2  Concentration in æg/m3,,
,,,,Minimum (24-hourly average),Maximum (24-hourly average),Annual Average
Andhra Pradesh,Anantapur,Kamala Nagar,105,4,15,6
Andhra Pradesh,,APIIC Zonl office industrial estate,106,4,10,5
Andhra Pradesh,,"Cancer Unit. G.G.Hsharada Nagar, JNTU
Road",108,4,9,5
Andhra Pradesh,,"D.No.6/5/545, Ram Nagar Colony",108,4,12,5
Andhra Pradesh,Chitoor,GNC Toll Gate Tirumala,107,2,19,5
Andhra Pradesh,,"Near Nutrine Confectionery, Palamaner
Road",107,4,9,5
Andhra Pradesh,,"O/O Mines and Geology, Old Collector
Office, Greamspet",104,4,6,5
Andhra Pradesh,,"Sankar Foundary, Industrial Estate, Adjacent
of DIC Office",106,4,7,5
Andhra Pradesh,,"Rangachari street, Shanthapeta.",92,4,6,5
Andhra Pradesh,Eluru,Ashram Diagnostic Centre,108,4,6,5
Andhra Pradesh,,District Headquarters hospital,108,4,6,5
Andhra Pradesh,,"M/s Laxmi Propylene Ltd., Plot.No. 25,
Industrial Park, Satrampadu",108,4,6,5
Andhra Pradesh,,"Somalingeswara nilayam D.N.7B-18-5, Thooru Veedhi, Eastern street,
Paidichintaadu",108,4,6,5
Andhra Pradesh,Guntur,"Near Hindu College, Market Road",100,4,5,5
Andhra Pradesh,,"A.P. Pollution Control Board, D.No.4-5-
4/5C,4/3, Navabharath nagar, Ring Road",101,4,6,5
Andhra Pradesh,,"Distirct Industries Center office Buiding
Autonagar",100,4,5,5
Andhra Pradesh,,Government General hospital,101,4,6,5
Andhra Pradesh,Kadapa,"Near ICL Industries, Yerragunta, YSR",108,4,19,6
Andhra Pradesh,,"Devi Diabetes & Hormone Centre, 7 Roads",106,4,18,5
Andhra Pradesh,,"DIC Office,Kadapa",108,4,19,5
Andhra Pradesh,,Rajiv Gandhi Institute of Medical Sciences,108,4,7,5
Andhra Pradesh,,Municipal Primary School,107,4,14,5
Andhra Pradesh,Kakinada,Office Building Ramanayyapeta,102,4,13,8
Andhra Pradesh,,"Gram Panchayathi building, Suryaraopeta",105,4,13,8
Andhra Pradesh,,"MEE Seva / MEPMA Office, Sailipeta",105,4,13,9
Andhra Pradesh,,"Petro Chemical Engineering Block, JNTU ,
Pithapuram Road",106,4,12,8
Andhra Pradesh,Kurnool,"Mourya Inn, Krishna Nagar",108,4,11,5
Andhra Pradesh,,"APIIC Building Industrial estate, Kallur at IDA
Bobbili Growth Center",107,4,13,5
Andhra Pradesh,,Rajvihar Circle,108,4,14,6
Andhra Pradesh,,"Pump House, Venkataramana Colony",108,4,12,5
Andhra Pradesh,Nellore,"Venkatareddy Nagar, Vedayapalem",107,4,6,5
Andhra Pradesh,,"D. No.15-471, James Garden, Venkata
Ramapuram, Nellore, SPSR Nellore District",107,4,6,5
Andhra Pradesh,,Chandramouli nagar,107,4,6,5
Andhra Pradesh,,"Dr.P.V. Rama chandra Reddy Hospital,
Brindavnam",107,4,5,5
Andhra Pradesh,Ongole,Near Court Center,107,4,6,5
Andhra Pradesh,,"APIIC, Administrative Office, Growth Centre,
Gundlapalli",104,4,5,5
Andhra Pradesh,,Ongole Municipal Corporation,106,4,6,5
Andhra Pradesh,,Prakasam Milk Product Compay,105,4,6,5
Andhra Pradesh,Rajahmundry/ Rajamahendrava ram,"Staff Clud Building, A.P. Paper Mill",98,5,14,9
Andhra Pradesh,,"GAIL Administrative Office, A.V. Apparao
Road",104,5,15,8
Andhra Pradesh,,"MCH Block ,District Hospital, Near Central
Prison, Lalacheruvu Road",105,4,12,8
Andhra Pradesh,,"APEPDCL, Circle Office Godavari Gattu",97,4,16,8
Andhra Pradesh,Srikakulam,"SAMKRG Pistons Quarters Bulding, Near
IDA, Pydibhimavaram",96,6,12,8
Andhra Pradesh,,District cooparative office at SKLM Old,106,5,11,8
Andhra Pradesh,,Bridge,,,,
Andhra Pradesh,,"APIIC, Kushalapuram",95,5,15,8
Andhra Pradesh,,"Muncipal corporation Office, Old Bustand",107,5,12,8
Andhra Pradesh,Tirupati,"Regional Science Centre, Chittoor Bypass",106,4,6,5
Andhra Pradesh,,"Municipal Office, Tilak Road",107,4,8,5
Andhra Pradesh,,"APPCB-Regional Office, 1st Floor, APSFC
Building, NT road",100,4,6,5
Andhra Pradesh,,"Sri Venkateswara Guest House (TTD SV Rest
House), Near APSRTC Bus Stand",108,4,8,5
Andhra Pradesh,Vijaywada,"NTR Veterinary college of sciences,
Gannavaram",107,4,11,5
Andhra Pradesh,,"VR Siddhartha Engineering college , Kanuru",107,4,6,5
Andhra Pradesh,,"APIIC, IALA, IDA, Kondaplli",106,4,6,5
Andhra Pradesh,,Benz Circle,107,4,7,5
Andhra Pradesh,,Autonagar,108,4,7,5
Andhra Pradesh,,Police Control Room,89,5,6,5
Andhra Pradesh,,"A.P. Pollution Control Board, plot no. 41, Sri Kanakadurga Officers colony, Gurunank
Road",108,4,7,5
Andhra Pradesh,,"Gram Panchayat Office, Yenamalakuduru",108,4,6,5
Andhra Pradesh,,"Indian Medical Association Hall,Eluru Road,
Governorpet",107,4,6,5
Andhra Pradesh,Vishakhapatnam,"Industrial Estate, Marripalem",108,5,13,9
Andhra Pradesh,,"Panchayat Raj office, Mindi",105,5,11,8
Andhra Pradesh,,Police Barracks,105,6,14,9
Andhra Pradesh,,"INS-Virabahu, Naval Area",93,5,10,7
Andhra Pradesh,,Seethammadhara,99,5,13,8
Andhra Pradesh,,Ganapuram Area,107,6,13,9
Andhra Pradesh,,"Pedagantyada (V), Gajuwada (M)",104,5,11,8
Andhra Pradesh,,"CWMP, RAMKY, Parawada",106,5,14,9
Andhra Pradesh,,MVP Raitu Bajar,102,5,15,7
Andhra Pradesh,Vizianagaram,"Industrial Growth Centre, APIIC Building at
IDA Bobbili",101,5,12,8
Andhra Pradesh,,"APIIC Building, VT Agraharam,Industrial area",105,5,14,8
Andhra Pradesh,,Muncipal Kaspa High School,102,6,12,8
Andhra Pradesh,,Municipal Office,93,5,13,8
Arunachal Pradesh,Itnagar,PCCF's Office Compound,43,2,10,3
Arunachal Pradesh,Naharlagun,APSPCB Office compound,34,2,6,3
Assam,Bongaigaon,"Oil India Ltd. PS-6, Chirang",70,3,12,4
Assam,,Barpara Office Building,86,3,11,4
Assam,Daranga,"BATAD, Sandoop Jhankar town of Bhutan,
Baska",94,4,11,7
Assam,Dibrugarh,Dibrugarh Office Building,89,4,9,5
Assam,Golaghat,Golaghat Office Building,80,4,8,6
Assam,Guwahati,"Head Office, Bamunimaidam",134,7,24,12
Assam,,"Boragaon, IASST, Kamrup",114,5,12,7
Assam,,"Guwahati University, Kamrup",117,5,11,7
Assam,,"ITI Building, Gopinath Nagar",117,5,12,7
Assam,,"Khanapara, Central Dairy, Kamrup",129,5,15,7
Assam,,"Near Pragjyotish College, Santipur",133,5,11,7
Assam,Margherita,Coal India Office,91,4,9,6
Assam,Nagaon,"Water Resources Div., Christian Patty,
Nagaon College",97,5,10,7
Assam,Nalbari,"PWD Rural Div Office Complex, near Gordon
Boy's GS School",77,4,10,7
Assam,North Lakhimpur,"Bazar Patti, North Lakhimpur Town",86,5,10,7
Assam,Silchar,"Govt. Boys HS School, Janiganj",74,5,8,6
Assam,,"RLO, Ithkola Market, Ghaniwala Road",75,5,9,7
Assam,Sivasagar,Sibasagar Office Building,102,4,8,6
Assam,,"Usha Lodge, near ONGCL Colony",103,5,9,7
Assam,Tezpur,Tezpur Office Building,86,6,10,7
Assam,Tinsukia,"Digboi Carbon factory Campus, Borguri",94,4,8,6
Assam,,"Shreepuria, Borguri",98,4,8,6
Assam,,Shivdham,98,4,9,6
Bihar,Begusarai,Begusarai,104,9,19,12
Bihar,Darbhanga,"Smt Baby Kumari, Ashok Hotel,Kadirabad
Chowk",105,12,22,15
Bihar,Gaya,"Godam Road, Raja Market",104,6,15,11
Bihar,Muzaffarpur,"BSPCB Regional Office, Bela Industrial Area,
Bela",104,10,22,14
Bihar,Patna,"Beltron Bhawan, Shastri Nagar",59,2,7,2
Bihar,,"Gandhi Maidan, Auto Exhaust Test Centre",75,2,14,4
Bihar,Rajgir,"Sujkund, Near Samuraji hotel",104,5,15,10
Bihar,Sasaram,"Takia,Ward no.2, Rhotas",105,6,13,10
Chandigarh,Chandigarh,"Modern Foods, Industrial Area",149,2,2,2
Chandigarh,,Sector-17 C,142,2,2,2
Chandigarh,,"Punjab Engineering College, Sector- 12",163,2,2,2
Chandigarh,,"Sector-39, IMTECH",155,2,2,2
Chandigarh,,Kaimbwala Village,140,2,2,2
Chattisgarh,Bilaspur,"Regional Office, CECB Vyapar Vihar",91,4,7,6
Chattisgarh,Durg-Bhillainagar,"Visak Hostel, Sector-4",77,5,8,7
Chattisgarh,,"R.O., 5/32 Banglow Office Building",83,3,8,4
Chattisgarh,,M.P. Laghu Udyog Nigam,84,7,11,9
Chattisgarh,,"CSIDC Industrial Growth Center, Borai, Durg",81,7,10,8
Chattisgarh,Korba,"HIG 21,22.Near Ghantaghar, MP Extension",97,6,11,8
Chattisgarh,,"Pragati Nagar NTPC Colony, Jamnipali",103,5,10,7
Chattisgarh,,"I.T.I., Rampur",100,6,13,9
Chattisgarh,Raipur,"New HIG-9, Hirapur/Housing Board Complex
Kabir Nagar",67,11,19,15
Chattisgarh,,M/S Wool Worth India Pvt. Ltd. Sarora,40,13,25,17
Dadra & Nagar Haveli and Daman & Diu,"Baldevi (Dadra &
Nagar Haveli)","Baldevi Village, Athola, Dandul Faliya,
Teh:Dadra & Nagar Haveli",97,8,25,16
Dadra & Nagar Haveli and Daman & Diu,Silvassa,"Khadoli Industrial Area, Khadoli",99,10,41,26
Dadra & Nagar Haveli and Daman & Diu,,"Chetan Guest House, Near Post Office,
Piperia, silvassa Char Rasta",100,11,41,25
Dadra & Nagar Haveli and Daman & Diu,Daman,"Prima Plastic, Kadaiya Industrial Area,
Kadaiya",97,9,39,23
Dadra & Nagar Haveli and Daman & Diu,,"Mashal Chawk, Nani Daman",99,8,37,21
Dadra & Nagar Haveli and Daman & Diu,Patlara (Daman),"Makat Faliya/ Ambavadi, Patlara Village,
Moti Daman Teh:Daman",100,8,25,15
Delhi,Delhi,"N.Y. School, Sarojini Nagar, Delhi",88,2,9,3
Delhi,,Janakpuri,120,4,16,5
Delhi,,"Naraina Industrial Area, Delhi",88,2,23,4
Delhi,,Nizamuddin,116,4,17,5
Delhi,,Pritampura,127,4,18,5
Delhi,,Shahadra,113,4,18,6
Delhi,,Shahzada Bagh,109,4,21,5
Delhi,,Siri Fort,113,4,16,5
Delhi,,"Town Hall, Ayurvedic Dispensary, Chandni
Chowk, Delhi",88,2,10,4
Goa,Amona,"Amona, Bicholim",105,9,12,11
Goa,Assanora,"Assanora Junction, Bardez",104,9,12,11
Goa,Bicholim,Bicholim,103,9,12,11
Goa,Codli,"Codli Tisk, Ponda, Sanguem",103,9,12,10
Goa,Cuncolim,Cuncolim,102,9,13,11
Goa,Honda,"Honda Junction, Sattari",104,9,12,11
Goa,Kundaim,Kundaim Industrial Estate,104,9,13,11
Goa,Mapusa,Mapusa town,90,2,7,3
Goa,Margao,Margao Town,102,9,13,11
Goa,Mormugao,"Fire Brigade Station, Port Trust",68,2,8,3
Goa,Panaji,"Old GSPCB premises, Patto",77,2,17,3
Goa,Ponda,Ponda Town,105,9,12,11
Goa,Sanguem,"Near Railway Station at Kalem, Sanguem",103,9,12,11
Goa,Tilamol,"Quepem, Tilamol",102,10,13,11
Goa,Tuem,Tuem Industrial Estate,104,9,13,11
Goa,Usgao,"Usgao Plae, Junction, Ponda",96,9,12,11
Goa,Vasco,"Fuse Call Office, Mormugao",88,2,11,3
Gujarat,Ahmedabad,"Naroda, G.I.D.C., Ahmadabad",87,14,33,19
Gujarat,,Cadilla Bridge Narol,86,12,37,20
Gujarat,,"Bhagavathi Estate, Keval Kanta Road,
Rakhiyal",88,12,35,20
Gujarat,,"Reliable Products, 61/62 Ilaben estate,PiranaDump Site,Narol (previous
Dyno Wash)",87,11,39,22
Gujarat,,L.D. Engg. College,88,14,33,20
Gujarat,,"Shardaben Hospital, Saraspur",86,13,34,20
Gujarat,,"R.C. Technical High School, Mirzapur",86,13,35,20
Gujarat,,"AZL Behrampura, Ahmadabad",87,13,38,20
Gujarat,,Sola L.T. Chanakyapuri Pumping Station,88,11,35,21
Gujarat,Anklesvar,Rallis India Ltd.,88,13,36,20
Gujarat,,"Durga Traders, Bhavanafarm Society",88,12,35,19
Gujarat,Jamnagar,Fisheries Office,87,11,39,19
Gujarat,Rajkot,Nr. Sardhara Industrial Corporation,87,13,36,21
Gujarat,,GPCB Regional Offce,87,12,40,19
Gujarat,Surat,S.V.R. Engg. College,87,12,45,23
Gujarat,,"B.R.C. High School, Udhna",83,12,46,26
Gujarat,,Near Air India Office,88,9,41,22
Gujarat,Vadodara,"GPCB Office, Geri Vasahat",87,11,37,19
Gujarat,,"Sterling Gelatin Guest House, Vill-Karakhadi
Padia",87,11,43,20
Gujarat,,Dandia Bazaar,88,12,41,20
Gujarat,,CETP Nandesari,85,13,46,22
Gujarat,,Lubrizol,87,11,45,21
Gujarat,Vapi,"GEB, IIIrd Phase, GIDC",86,9,38,21
Gujarat,,"Vapi Nagar Palika, Vapi",87,9,35,18
Himachal Pradesh,Baddi,Industry Department Office Building,122,2,2,2
Himachal Pradesh,,AHC barotiwala,111,2,2,2
Himachal Pradesh,,Housing Board,52,2,2,2
Himachal Pradesh,Damtal,Regional Office,120,2,2,2
Himachal Pradesh,,Old Road,114,2,2,2
Himachal Pradesh,Dharamshala,Kotwali Bazar Dharamshala,85,2,2,2
Himachal Pradesh,,"Daari, Dharamshala",122,2,2,2
Himachal Pradesh,Gulaba,Behind green tax barrier,19,2,3,2
Himachal Pradesh,Kala Amb,Kala Amb Industrial Area,166,2,8,3
Himachal Pradesh,,Kala Amb Town/Trilokpur,161,2,8,3
Himachal Pradesh,Manali,"Nehru Park, Manali, Kullu",88,2,4,2
Himachal Pradesh,,"HPSPCB, Hadimba Road, Manali, Kullu",72,2,2,2
Himachal Pradesh,Marhi,Behind Police check post,12,2,2,
Himachal Pradesh,Nalagarh,Municipal Council,113,2,2,2
Himachal Pradesh,Paonta Sahib,Paonta Sahib,165,2,8,3
Himachal Pradesh,,Gondhpur Industrial Area,120,2,5,3
Himachal Pradesh,Parwanoo,"Regional Office, Sector- 4",133,2,4,2
Himachal Pradesh,,Asst. Commissioner Building Sector I,121,2,4,2
Himachal Pradesh,Shimla,"Bus Stand, Winterfield",203,2,7,2
Himachal Pradesh,Sunder Nagar,"HPSPCB, BBMB Colony, Mandi",143,2,2,2
Himachal Pradesh,,"Muncipal Council, NH-21, Mandi",107,2,2,2
Himachal Pradesh,Una,"Regional Office, Una",17,2,3,
Himachal Pradesh,Vashisht,"Behind pollution check barrier, Bahang /
Station No.-II1, Bahang",44,2,4,2
Jammu & Kashmir,Jammu,"Regional Office, Jammu",66,2,5,3
Jammu & Kashmir,,"M.A. Stadium, Jewel Chowk",62,2,5,3
Jammu & Kashmir,,Bari Brahamana Industrial Area,73,2,4,3
Jharkhand,Barajamda,Barajamda U.M. Office,91,13,35,17
Jharkhand,Dhanbad,R.O. Dhanbad,102,11,16,14
Jharkhand,,"EMTI, Bastacola",75,11,18,13
Jharkhand,,"CGM Office, Kusunda",100,10,17,13
Jharkhand,Jamshedpur,Bistupur Vehical Testing Centre,93,30,44,39
Jharkhand,,Golmuri Vehicle Testing Centre,91,31,42,38
Jharkhand,Jharia,M.A.D.A.,105,12,17,14
Jharkhand,Ranchi,"Albert Ekka Chowk, Main Road",96,11,27,18
Jharkhand,Saraikela,"RO Building, Adityapur",91,30,43,37
Jharkhand,Sindri,BIT / PDIL,73,10,16,13
Karnataka,Bagalkote,Bagalkote KSPCB Office Premises,85,2,2,2
Karnataka,Bangalore,"Graphite India, White Field Road",83,2,2,2
Karnataka,,"AMCO Batteries, Mysore Road",107,2,2,2
Karnataka,,"KHB Industrial Area, Yelahanka",80,2,2,2
Karnataka,,Peenya Industrial Area,52,2,2,2
Karnataka,,Victoria hospital,103,2,2,2
Karnataka,,Yeshwanthpura police station,100,2,2,2
Karnataka,,"Jnanabharathi, Bangalore University",102,4,12,7
Karnataka,,"RV College of Engineering, Mysore Road",1,8,8,
Karnataka,,"TERI office, Vital Medi healthcare Pvt Ltd",108,2,2,2
Karnataka,Belgaum,Karnataka SPCB Office Building,52,2,9,2
Karnataka,Bidar,KSPCB Office Premises,52,2,4,2
Karnataka,Bijapur,KSPCB Office Premises,38,2,2,2
Karnataka,Chitradurga,KSPCB Office Premises,105,2,20,6
Karnataka,Devanagere,"Regional Office building, KSPCB",94,2,20,6
Karnataka,,"Mothi Theatre, Gandhi Circle, P.B. Road /
Traffic Police Station",80,5,30,20
Karnataka,,"HPF Intakewell,  Kumarapattnam",102,2,13,5
Karnataka,Gulburga,Government Hospital,50,2,4,3
Karnataka,Hassan,KSRTC bus stand building,104,2,5,3
Karnataka,Hubli-Dharwad,"Lakkamanahalli Industrial Area, Dharwad",105,4,6,4
Karnataka,,"Rani Chennamma Circle, Hubli",104,4,6,5
Karnataka,Kolar,"KSPCB Office Premises, Kolar",98,2,2,2
Karnataka,Mandya,"KSPCB Building, Bandigowda Badarahe",107,2,9,2
Karnataka,Mangalore,Baikampady Industrial Area,92,5,9,7
Karnataka,Mysore,"K.R.Circle, Visvesvaraya Bldg",111,2,12,2
Karnataka,,KSPCB Bldg. Hebbal Ind. Area,1,10,10,
Karnataka,Raichur,"KSPCB Office Premises, Raichur",77,2,7,2
Karnataka,Shimaga,"The VISL, Oxygen Plant, Shimoga",100,3,50,24
Karnataka,Timukuru,KSPCB Office Premises,103,2,2,2
Kerala,Alappuzha,"District Office, Alissery Road",107,2,2,2
Kerala,,"DC Mills, Pathirappally",25,2,2,2
Kerala,,William Goodacre Power House Bridge,71,2,5,2
Kerala,Kochi,"Eloor I, FACT, Ambalamughal",107,2,5,3
Kerala,,Eloor II,102,2,5,3
Kerala,,Irumpanam,105,2,3,2
Kerala,,Ernakulum South,65,2,2,2
Kerala,,VYTTILA,105,2,2,2
Kerala,,MG Road Bank Ernakulum,105,2,2,2
Kerala,,KALAMASSERY / CSIR Complex,103,2,3,2
Kerala,,Kuttipadam,42,2,12,5
Kerala,Kollam,"KSPCB, District Office, Kadappakada",110,2,3,2
Kerala,,KMML Chavara,110,2,5,3
Kerala,Kottayam,Kottayam,119,2,3,2
Kerala,,Vadavathoor,119,2,4,3
Kerala,Kozhikode,Kozhikode City,103,2,2,2
Kerala,,Nallalam,69,2,2,2
Kerala,Malapuram,"Kakkanchery, Sijmak oils",107,2,2,2
Kerala,Palakkad,SEPR Refractories India Ltd.,98,2,10,2
Kerala,Pathanamthitta,"KSPCB, Makkamkunnu",100,2,2,2
Kerala,Thiruvananthapu ram,PRS Hospital/COSMO,105,3,20,9
Kerala,,SMV School,105,4,22,9
Kerala,,VELI / HiTech Chackai,105,6,28,10
Kerala,,PETTAH / Sasthamangalam(plamadou),105,4,18,8
Kerala,Thissur,"KSPCB, District Office, Poonkunnam",104,2,12,3
Kerala,,Thissur/ Peringandoor,74,2,10,3
Kerala,Wayanad,Sulthan Bathery,104,2,2,2
Kerala,,Wayanad,79,2,2,2
Madhya Pradesh,Amlai,HJI,60,10,19,14
Madhya Pradesh,,OPM,69,9,16,12
Madhya Pradesh,Bhopal,"Hamidia Road, MP Hastshilp Vikas Nigam",71,2,28,11
Madhya Pradesh,,CETP Govindpura,88,2,16,9
Madhya Pradesh,,"Nutan Subhash School,  T.T. Nagar",36,2,5,2
Madhya Pradesh,,"Kolar Thana, Kolar Road, Bhopal",69,2,20,10
Madhya Pradesh,,"AKVN Office, Industrial Area Mandideep,
Raisen",71,8,22,14
Madhya Pradesh,,"Barkatuallah University, Hoshgabad Road,
Bhopal",71,2,13,7
Madhya Pradesh,,"Main Road, Hemu Colony, Bairagarh, Bhopal",76,2,14,8
Madhya Pradesh,,Arera Colony,82,2,11,3
Madhya Pradesh,Chhindwara,"HIG -33, Front of Geetanali Park Housing
Board Colony, Chadagaon",96,2,6,3
Madhya Pradesh,,"Hindustan Unileaver, Narsinghpur Road,",87,2,4,3
Madhya Pradesh,Dewas,EID Perry (I) Limited,94,9,33,19
Madhya Pradesh,,Dewas Metal Section,93,10,33,19
Madhya Pradesh,,Vikas Nagar,96,11,32,20
Madhya Pradesh,Gwalior,Dindayal Nagar,90,5,26,12
Madhya Pradesh,,Maharaj Bada,93,2,32,13
Madhya Pradesh,Indore,"M.P. Laghu Udyog, Pologround",103,4,13,9
Madhya Pradesh,,"Kothari Market, M.G. Road",109,3,20,9
Madhya Pradesh,,"Telephone Nagar, 26 A, Kanadia Road",109,5,12,9
Madhya Pradesh,Jabalpur,Vijay Nagar,101,2,2,2
Madhya Pradesh,,Udaipur Beverage Racchai,101,11,16,13
Madhya Pradesh,Katni,"HIG-4 Housing Board Colony Jhinjhri, Katni",96,7,18,10
Madhya Pradesh,,"Calderys Works Refactories India Private
Limited, Guest House, Katni",72,8,12,11
Madhya Pradesh,Nagda,Chem. D. Labour Club,79,7,26,14
Madhya Pradesh,,B C I Labour Club,80,4,13,8
Madhya Pradesh,,Grasim Kalyan Kendra,75,5,17,9
Madhya Pradesh,Prithampur,"Vikas Bhavan, Sector-2",94,6,14,10
Madhya Pradesh,,"RCC Over Head Tank No. 1, Sector-3",112,6,14,10
Madhya Pradesh,Sagar,Pt.Deendayal Nagar,69,2,6,4
Madhya Pradesh,,"Katra Bazar, Sagar",66,2,5,3
Madhya Pradesh,Satna,Sub-divisional Office E/M Light Machniery,77,2,6,4
Madhya Pradesh,,"MPPCB,Dharwari GaliNo.5,House No.318",75,2,6,3
Madhya Pradesh,Singrauli,Jayant Township,83,18,61,31
Madhya Pradesh,,"N.T.P.C., Vidyanagar",81,17,64,31
Madhya Pradesh,,Waidhan,87,13,63,30
Madhya Pradesh,Ujjain,District Office,67,9,14,11
Madhya Pradesh,,Regional Office,75,7,14,10
Madhya Pradesh,,Mahakal Temple,51,7,15,11
Madhya Pradesh,,Chamunda Mata Chouraha,49,8,15,11
Maharashtra,Akola,"LRT Commerce College, Civil Lines, Akola",88,11,14,12
Maharashtra,,"MIDC Water Work, Phash-II, MIDC Akola",143,11,18,15
Maharashtra,,"College Of Engineering & Tech, Akola",196,11,18,14
Maharashtra,Ambernath,Ambernath Municipal Council Office,131,12,47,27
Maharashtra,Amravati,"Apurva Oil Industries, A-23, MIDC",215,8,24,14
Maharashtra,,"Elect. Dept., Govt College Engineering",92,8,16,13
Maharashtra,,"Rajkamal Square, Vaneeta Samaj",154,8,24,14
Maharashtra,Aurangabad,S.B.E.S. College,144,6,24,14
Maharashtra,,Collector Ofiice,127,6,23,12
Maharashtra,,"C.A.D.A. Ofiice, Garkheda",91,7,24,14
Maharashtra,Badlapur,BIWA Office,187,11,58,27
Maharashtra,Bhiwandi,"Prematai Hall, Near Dhamankar Naka",101,22,44,32
Maharashtra,,"Fire Brigade Office, I.G.M. Hospital",165,22,44,32
Maharashtra,,"Regional Office, M.P.C. Board, Kalyan",237,22,44,31
Maharashtra,Chandrapur,Grampanchat Ghughus,94,4,7,4
Maharashtra,,M.I.D.C. Chandrapur,101,4,5,4
Maharashtra,,Nagar Parishad,163,3,5,4
Maharashtra,,"Gadchandur Gram Panchayat, Rajura",97,4,5,4
Maharashtra,,"MIDC, Tadali",97,4,6,4
Maharashtra,,"Muncipal Council, Ballarshah",99,4,5,4
Maharashtra,Dombivali,Dombivali MIDC Phase-II,190,11,54,27
Maharashtra,Jalgaon,B. J. Market,94,9,16,12
Maharashtra,,Girna water tank,213,9,15,12
Maharashtra,,MIDC Jalgaon,154,9,15,12
Maharashtra,Jalna,"Bachat Bhawan, Near S P Office",104,8,12,10
Maharashtra,,"Krishidhan Seeds Ltd, MIDC Area",172,8,12,10
Maharashtra,Kolhapur,"University Campus, Shivaji University",80,7,19,13
Maharashtra,,"Ruikar Trust, S.T. Stand",147,7,41,22
Maharashtra,,"Mahadwar Road, Near Mahalaxmi Temple",203,7,41,22
Maharashtra,Latur,MIDC Water Works,239,4,7,5
Maharashtra,,Kshewraj Vidyalaya Shyam nagar,104,4,7,5
Maharashtra,,Sidhheshwar Sahakari Bank Ganjgolai,172,4,7,5
Maharashtra,Mumbai,"Bank of India, Kalbadevi /Branch, Kalbadevi/
VARSOVA",84,2,4,2
Maharashtra,,"Parel TT, Ambedkar Road",88,2,4,2
Maharashtra,,Worli,87,2,5,2
Maharashtra,Nagpur,Institution of Engineers,100,9,23,13
Maharashtra,,"Govt. Polytechnic College, Sadar",96,8,23,14
Maharashtra,,MIDC Office Hingana Road,100,8,22,14
Maharashtra,,"MIDC Industrial Area, MIDC Office, Hingna",82,2,24,6
Maharashtra,,"Nagpur Coop Building, Maskasath, Itwari",79,2,12,5
Maharashtra,,"NEERI Lab, Nehru Marg, Highway No. 7",74,2,21,5
Maharashtra,,"MPCB Office Premises, Civil Lines",321,7,22,12
Maharashtra,Nashik,R.T.O. Colony Tank,154,2,19,10
Maharashtra,,"VIP Industrial Area, MIDC Satpura",104,2,17,10
Maharashtra,,Nashik Municipal Council Building,218,2,18,9
Maharashtra,,"MPCB Sub R.O. Udyog Bhawan, Nashik",305,2,30,9
Maharashtra,Navi Mumbai,"T.B.I.A, Rabale Airoli, TTC",103,13,23,17
Maharashtra,,"Dr. D.Y. Patil College, Nerul, TTC",229,13,23,17
Maharashtra,,"MPCB Lab, Mhape, TTC",168,12,25,17
Maharashtra,,CIDCO Nodal Office Kharghar,103,13,25,18
Maharashtra,,"Water Pump House, Panvel, Taloja",168,12,25,17
Maharashtra,,"MIDC Collom Facility Building, Taloja",229,12,25,17
Maharashtra,"Pimpri-
Chinchwad","Bank of Baroda Builing, Near M.C Builiding",199,6,75,28
Maharashtra,Pune,"Maratha Chamber of commerce, Bhosari",62,14,90,33
Maharashtra,,State Electricity Board BLDG Nalstop,113,6,90,32
Maharashtra,,Swargate Police Chawki,33,15,90,46
Maharashtra,Sangli,"Udyog bhavan / SRO, MPCB Sangli",99,6,13,9
Maharashtra,,Sangli- Miraj Primary school Building,226,6,21,10
Maharashtra,,Krishna Valley School,163,6,15,9
Maharashtra,Solapur,WIT Campus,102,11,21,17
Maharashtra,,Voronoko School / Chitale Clinic,144,11,21,16
Maharashtra,Thane,"Maternity Hospital, Dhobighat, Thane East",24,15,26,19
Maharashtra,,"Shahu Market,Naupada, Thane West",49,15,31,21
Maharashtra,,"Kolshet and Balkum, Thane West",73,13,31,20
Maharashtra,Ulhasnagar,Smt. C. H. M. College Campus,99,11,37,21
Maharashtra,,"Octroi Naka, Pawai-Chowk, Vithalwadi",107,12,48,27
Manipur,Imphal,Secretariat Building,32,3,18,9
Meghalaya,Byrnihat,"EPIP, Ri-Bhoi district",121,2,28,15
Meghalaya,Dawki,"Terrace building, Jaintia Hills District",121,2,24,7
Meghalaya,Khliehriat,"O/o BDO, C & R.D. Block-Khliehriat",122,2,4,3
Meghalaya,Nongstoin,"Office Premises of E.E, PHED",121,2,8,2
Meghalaya,Shillong,"Boards Office Permises, Lumpyngngad",106,2,3,2
Meghalaya,,State Tuberculosis Hospital,121,2,9,6
Meghalaya,,"Forest Rest House, Polo Hills",117,2,6,3
Meghalaya,,"41/2 mile, Mylliem Range Office",119,2,6,2
Meghalaya,Tura,"PHED, Araimille, West Garo Hills District",116,2,4,3
Meghalaya,"Umiam /
Umsning","Umiam Industrial Complex, Ri-Bhoi District",120,2,6,3
Mizoram,Aizawl,"Khatla, M.G-Road, Mizoram SPCB",103,2,2,2
Mizoram,,Laipuitlang,106,2,2,2
Mizoram,,Bawngkawn,102,2,2,2
Mizoram,,"Dawrpui Y.M.A, Building, Dawrpui",102,2,2,2
Mizoram,,"Lengpui Airport, Model Veng, Lengpui",93,2,2,2
Mizoram,Champhai,"D.T.O Office Building, Kahrawt veng",101,2,2,2
Mizoram,,"Lalzidinga building,  Vengthlang",101,2,2,2
Mizoram,Kolasib,"H. Lalthuama Building, Project Veng",101,2,2,2
Mizoram,,"Synod Bookroom, Building Diakkawn",101,2,2,2
Mizoram,Lunglei,"Thangkhuma Building, Salem Veng",96,2,2,2
Mizoram,,"K.Lalliantluanga, Chanmari I, Lunglei",96,2,2,2
Nagaland,Dimapur,Bank Colony,139,2,2,2
Nagaland,,Dhobinala,121,2,2,2
Nagaland,,"Signal point, Dimapur, Nagaland SPCB",103,2,2,2
Nagaland,,"House no-288, Tenyiphe-I, Chumukiedima, Dimapur",103,2,2,2
Nagaland,,"Vidya Bhawan School, Lane 17, Nagarjan, Kuda Village, Dimapur",48,2,2,2
Nagaland,,"House no 24, Near community Hall, Viola colony, Dimapur",48,2,2,2
Nagaland,,"ERJO Motors, Burma Camp, Dimapur",48,2,2,2
Nagaland,Kohima,Opposite NST Office,138,2,2,2
Nagaland,,Opposite War Cemetery,121,2,2,2
Odisha,Angul,Industrial Estate,102,6,19,11
Odisha,,NALCO Township,102,8,15,10
Odisha,Balasore,Sahadevkhunta,104,2,2,2
Odisha,,DIC office,104,2,2,2
Odisha,,Rasalpur near Balgopalpur I/A,105,6,9,7
Odisha,Berhampur,Regional Office Orissa SPCB,107,2,11,4
Odisha,Bhubneshwar,Capital Police Station,97,2,7,2
Odisha,,IRC Village,95,2,5,2
Odisha,,Office Premises Bhubaneswar,100,2,4,2
Odisha,,"Water works, Palasuni, Rasalgarh",69,2,7,2
Odisha,,"Patrapara, Khandagiri",101,2,5,2
Odisha,,Chandrashekharpur,91,2,6,2
Odisha,Bonaigarh,"Govt. Hospital Bonai At/Po/PS-Bonai Dist-
Sudargarh",104,5,17,9
Odisha,Cuttack,"Traffic Tower, Badambadi",57,3,8,5
Odisha,,P.H.D Office Barabati,104,2,35,6
Odisha,,"R.O. Cuttack Office, Surya Vihar",104,3,10,6
Odisha,Jharsuguda,R.O. Building Cox colony,108,6,29,7
Odisha,,"TRL Colony, M/s. TRL Krosaki Refractories
Ltd. PO: Bhepahar,",106,5,23,8
Odisha,Kalinga Nagar,Over the Guest House of M/s NINL,55,2,2,2
Odisha,,"Maintenance Office of M/s NINL, Duburi",77,2,2,2
Odisha,Konark,Konark Police Station,101,2,3,2
Odisha,Paradeep,On roof of PPT Staff Quarter,101,10,30,18
Odisha,,On roof  of PPL Gueest,101,9,26,18
Odisha,,On roof of STP building IFFCO,83,14,27,19
Odisha,Puri,Sadar police station,46,2,2,2
Odisha,,Town Police Station,75,2,6,2
Odisha,Rajgangpur,"DISIR, Rajgangpur",103,6,23,12
Odisha,Rayagada,Regional Office Orissa SPCB,104,2,12,4
Odisha,,"LPS High School, Jaykaypur",101,2,9,4
Odisha,Rourkela,"Regional Office, ORPB",104,5,16,8
Odisha,,Kalunga Industrial Estate,104,6,16,12
Odisha,,"IDL Police Out-post, Sonaparbat",104,5,10,6
Odisha,,"Kuarmunda, Sundergarh",104,4,14,8
Odisha,Sambalpur,"Filter Plant, PHD Office, Modipara",105,4,36,6
Odisha,Talcher,Coal Field Area,104,8,14,10
Odisha,,T.T.P.S.Colony,104,6,14,11
Puducherry,Karaikal,"B.Ed College (PKCE), Nehru Nagar",89,2,3,2
Puducherry,,"Govt. Tourist Home, Kovilpathu",91,2,3,2
Puducherry,,"M/s Puducherry Power Corporation Limited,
Polagam, T.R. Pattinam,",82,2,3,2
Puducherry,Puducherry,"DSTC Office Upstairs, PHB 3rd Floor,
AnnaNagar",92,3,6,5
Puducherry,,PIPDIC Ind. Estate Mettupalayam,87,4,6,5
Puducherry,,Chamber Of Commerce,85,2,6,4
Punjab,Aligarh (Jagraon),"Forest Office, Vill:Aligarh, Teh:Jagraon",103,4,12,6
Punjab,Amritsar,"R.O. Focal Point (earlier Nagina soap
factory)",62,11,14,13
Punjab,,"Vinod Chilling Center / Kochar Bhavan
(earlier A-1,Platers)",60,11,19,13
Punjab,"Aspal Khurd
(Tapa)","Vill:Aspal Khurd, Teh:Tapa",123,4,8,5
Punjab,"Bara Pind
(Goraya)","Vill:Bara Pind, Teh:Goraya",83,4,11,7
Punjab,Bhatinda,"Bathinda Milk Producers, Dabwali Road",81,2,8,5
Punjab,"Binjon
(Garshankar)","CHC, Vill:Binjon, Teh: Garshankar",80,4,24,7
Punjab,"Bishanpura
(Payal)","Longowalia Yarns (Unit-II), Vill-Bishanpura,
Teh: Payal",93,4,20,10
Punjab,"Changal
(Sangrur)","Mastuana Sahib, Vill:Changal, Teh:Sangrur",107,4,7,5
Punjab,"Chowkimann
(Jagraon)","Ludhiana College of Engineering,
Vill:Chowkimann, Teh:Jagraon",102,4,12,7
Punjab,Dera Baba Nanak,C-PYTE Building,68,3,9,7
Punjab,Dera Bassi,"Punjab Chem and Crop Protection,
Bhanakarpur Rd",107,4,8,6
Punjab,,"Winsome Yarns Ltd., Barwala Road",113,4,7,5
Punjab,"Fatehpur
(Samana)","Baba Banda Singh Bahadur College,
Vill:Fatehpur, Teh:Samana",38,4,7,5
Punjab,Gobindgarh,"Modi Oil and General Mills, Mandi",126,6,9,7
Punjab,,"Raj Steel Rolling Mills, Mandi",133,5,9,7
Punjab,,"United Rolling Mills, Mandi Gobindgarh",130,5,9,7
Punjab,"Guru Ki Dhab
(Kotkapura)","Vil:Guru Ki Dhab / Basti Himmatpura,
Teh:Kotkapura",22,2,8,5
Punjab,"Jaito Sarja
(Batala)","Royal Nursing College, Vill: Jaito Sarja, Teh:
Batala",37,4,7,6
Punjab,Jalandhar,Municipal Council Tubewell No. 27,81,8,24,12
Punjab,,Regional Office,73,9,23,11
Punjab,,"Punjab Maltex , Kapurthala Road",59,5,20,10
Punjab,,Focal Point,63,8,15,12
Punjab,Khanna,"Markfed Vanaspati, Khanna",112,5,25,10
Punjab,,"AS School, Khanna",117,5,64,13
Punjab,"Kharaori
(Sirhind)","Vill:Kharaori, Teh:Sirhind",126,4,8,6
Punjab,"Kotladoom
(Ajnala)","Satyam College, Ramtirath Road, Vill:
Kotladoom, Teh: Ajnala",62,5,8,7
Punjab,"Lakho ke Behram
(Ferozpur)","Vill:Lakho ke Behram, Teh:Ferozpur",11,3,6,
Punjab,Ludhiana,Bharat Nagar Chowk / RO Gill Road,120,6,20,11
Punjab,,"Nahar Spining Mlls, Dholewal Chawk",124,6,49,14
Punjab,,"Ludhiana Coop. Milk Producer, Ferozpur Rd",136,5,40,10
Punjab,,"PPCB Office Building, Vishavkarma Chowk",131,6,64,13
Punjab,"Mrar Kalan
(Muktsar)","Vill: Mrar Kalan, Teh:Muktsar",40,4,9,5
Punjab,"Mukandpur
(Nawashahar)","Govt. Senior Sec. School, Vill:Mukandpur,
Teh:Nawashahar",78,5,12,8
Punjab,"Mureedke
(Batala)","Johal Farm, Vill: Mureedke, Teh: Batala",98,4,10,7
Punjab,"Naudhrani
(Malerkotla)","Vill:Naudhrani, Teh:Malerkotla",106,4,8,5
Punjab,Naya Nangal,Punjab Alkalis & Chemicals Ltd,92,5,8,6
Punjab,,"M/s NFL Guest House,Naya Nangal",104,4,7,5
Punjab,Patiala,"Ceylon Industries, Factory Area, Patiala",130,4,7,5
Punjab,,"Fire Brigade Station, Bahera Road, Patiala",134,4,8,5
Punjab,"Peer Mohammad
(Jalalabad)","Vill:Peer Mohammad, Teh:Jalalabad",26,4,6,5
Punjab,Poohli (Bhatinda),"Vill: Poohli, Teh:Bhatinda",21,4,7,5
Punjab,"Qila Bharian
(Sangrur)","Gurdwara Gangsar Sahib, Vill:Qila Bharian,
Teh:Sangrur",112,4,8,5
Punjab,Rakhra (Patiala),"Shree Ganesh Group of Institute,
Vill:Rakhra, The:Patiala",53,5,7,5
Punjab,Rohila (Samrala),"Gopimal Kaur Sain Industries Pvt. Ltd,
Vil:Rohila, Teh:Samrala",120,5,19,10
Punjab,Tirathpur (Amritsar I),"United ITI, Vill: Tirathpur, Teh:Amritsar I (earlier Sriguru Harkishan Public
School,Rasulpur Kalan)",58,5,8,7
Rajasthan,Alwar,Rajasthan State Pollution Control Board,98,6,13,9
Rajasthan,,Gaurav Solvex Ltd. MIA,103,8,18,13
Rajasthan,,"RIICO Pump House,  MIA",105,8,17,12
Rajasthan,Bharatpur,Khadi Gramoday Samiti,98,7,12,8
Rajasthan,,RIICO office Building,100,6,10,7
Rajasthan,,"RO, Building",102,7,8,7
Rajasthan,Bhiwadi,R.O.Building,101,8,63,28
Rajasthan,,UIT Guest House,38,7,33,24
Rajasthan,,Uttam Strips Ltd,97,6,40,25
Rajasthan,Chittorgarh,"Regional Office building, RSPCB, Near FCI
Godown, Chnaderiya",102,5,20,8
Rajasthan,,"Veterinary Hospital, Meeranagar",97,5,16,7
Rajasthan,,"PHED Pump House, Segawa",97,4,14,6
Rajasthan,Jaipur,Ajmeri Gate,107,5,15,7
Rajasthan,,"RJPB Office,Jhalana Doongari",104,4,12,6
Rajasthan,,"District Education Officer, Chandpole",101,6,23,7
Rajasthan,,"RIICO Office, M.I.A.",104,5,14,6
Rajasthan,,"RSPCB, Vidyadhar Nagar",104,5,27,7
Rajasthan,,VKIA,104,5,31,10
Rajasthan,,"22,Godam, RIICO Office",107,5,10,6
Rajasthan,,Mansarovar Nagar Niigam,99,5,10,6
Rajasthan,,RIICO Office Sitapura Industrial Area,103,4,16,7
Rajasthan,Jodhpur,"DIC Office, Industrial Estate",86,3,23,7
Rajasthan,,Sojati Gate,80,4,12,7
Rajasthan,,"Basni Industrial Area, RIICO Office",87,3,13,7
Rajasthan,,Maha Mandir Police Thane,84,4,10,7
Rajasthan,,"Office of Housing Board, Chopasani Road",82,3,11,7
Rajasthan,,Shastri Nagar Police Thana,87,3,12,7
Rajasthan,,Kudi Mahila Thana,50,5,8,6
Rajasthan,,Sangariya Police Choki,47,5,9,6
Rajasthan,,SoorsagarThana,47,5,9,6
Rajasthan,Kota,"Regional Office, RJPB, Anantpura",99,5,11,7
Rajasthan,,Municipal Corporation Building,104,5,11,7
Rajasthan,,Samcore Glass Ltd.,109,5,13,7
Rajasthan,,FireStation Nagar Nigam Shrinathpuram,104,5,11,7
Rajasthan,,"RajasthanTechnical University,Rawatbhata",103,5,12,7
Rajasthan,,"Sewage Treatment Plant, Balita, Kota",107,5,9,6
Rajasthan,Udaipur,Ambamata,103,3,13,6
Rajasthan,,Town Hall,105,4,23,13
Rajasthan,,"Regional Office,MIA",104,5,26,14
Sikkim,Chungthang,Chungthang,90,3,10,5
Sikkim,Gangtok,"White Hall Complex, Tasi view point",77,4,10,6
Sikkim,Mangan,Mangan Police Station,101,3,7,5
Sikkim,Namchi,Namchi,99,4,7,6
Sikkim,Pelling,The Pelling Girls Hostel,94,2,11,5
Sikkim,Rangpo,Rangpo Fire Station,94,3,16,8
Sikkim,Ravangla,Ravangla Range Office,99,2,28,5
Sikkim,Singtam,Police Station Building,93,4,8,6
Tamilnadu,Chennai,"Govt. High School, Manali",58,12,18,15
Tamilnadu,,Kathivakkam,63,11,17,14
Tamilnadu,,Thiruvottiyur,62,11,16,14
Tamilnadu,,Madras Medical College,86,2,22,3
Tamilnadu,,"NEERI, CSIR CampusTaramani",86,2,6,2
Tamilnadu,,Thiruvottiyur Municipal Office,87,2,50,5
Tamilnadu,,Adiyar,57,5,13,8
Tamilnadu,,Kilpauk,66,8,13,10
Tamilnadu,,Thiyagaraya Nagar,68,8,16,11
Tamilnadu,,Nunbakgum,63,8,14,11
Tamilnadu,,Anna Nagar,53,8,14,10
Tamilnadu,Coimbatore,"Poniarajapuram, On the top of DEL",86,4,72,6
Tamilnadu,,G.D.Matric Hr.Sec.School,69,4,9,6
Tamilnadu,,"SIDCO Office, Coimbatore/ Kurichi",77,5,9,7
Tamilnadu,Cuddalore,Eachangadu Village,94,11,15,13
Tamilnadu,,SIPCOT (Project Office),82,9,13,11
Tamilnadu,,"DEE Office, Cuddalore",75,12,18,15
Tamilnadu,Madurai,Highway (Project -I) Building,70,9,14,12
Tamilnadu,,Fenner (I) Ltd.  Kochadai,67,10,16,13
Tamilnadu,,Kunnathur Chatram Avvai Girls HS School,75,10,16,13
Tamilnadu,Mettur,Raman Nagar,79,5,10,6
Tamilnadu,,SIDCO,77,5,9,6
Tamilnadu,Salem,Sowdeswari College Building,77,4,26,7
Tamilnadu,Trichy,Gandhi Market,68,8,16,13
Tamilnadu,,Main Guard Gate,67,10,19,15
Tamilnadu,,Bishop Heber College,75,9,15,11
Tamilnadu,,Golden Rock,72,8,14,12
Tamilnadu,,Central Bus Stand,69,10,19,15
Tamilnadu,Tuticorin,"Fisheries College, Tuticorin Sipcot",72,6,16,10
Tamilnadu,,Raja Agencies,66,9,15,12
Tamilnadu,,AVM Jewellery Building,83,7,16,10
Telangana,Adilabad,"Building of SCCL Manadamarri Club
Mandamarri, Mancherial",108,4,7,5
Telangana,Hyderabad,Balanagar,106,4,11,6
Telangana,,"Tarnaka, NEERI Lab. IICT Campus",88,2,9,5
Telangana,,"Nacharam, Industrial Estate",88,2,9,5
Telangana,,ABIDS Circle General Post Office,88,2,9,5
Telangana,,"Uppal, Modern Foods & Industries IDA",112,4,10,6
Telangana,,Jublee Hills,119,4,11,5
Telangana,,Paradise,119,4,13,6
Telangana,,Charminar,119,3,10,5
Telangana,,Zoo Park,85,2,9,4
Telangana,,"Jeedimetla Industrial Estate, Rangareddy
Distt.",119,3,11,6
Telangana,Karimnagar,"On the terrace of the DIC building,
Karimnagar",87,6,14,9
Telangana,Khammam,CER Club Khamam,100,7,14,9
Telangana,,Jalasoudha building,102,6,11,9
Telangana,Kothur,Mehaboobnagar,104,7,13,9
Telangana,Nalgonda,AP PCB Nalgonda,99,3,7,5
Telangana,,"M/s. Srini Pharmaceuticals pvt.
Ltd.Choutuppal (V & M)",99,4,7,6
Telangana,Nizamabad,"subashnagar,nizamabad dist",99,4,6,5
Telangana,Patencheru,"Police Station, Medak, Ramachadrapuram",93,4,7,5
Telangana,Ramagundam,"Godavarikhani, Ramagundam, Karimnagar",98,7,13,9
Telangana,Sangareddy,Pashamylaram/Municipal Office,118,2,52,8
Telangana,,Regional office Building of SANGAREDDY,98,3,6,5
Telangana,,"M/s. Mylan Industries, Gaddapothara",99,5,7,6
Telangana,Warangal,"KUDA Office, Hanumakonda",99,6,11,9
Telangana,,"Mee-Seva Building  ,Municipal Complex",98,6,11,9
Tripura,Agartala,"SPCB, Pavivesh Bhawan, Pandit Nehru
Complex, Gorkhabasti, Kunjaban",83,2,6,4
Tripura,,"Bordowali Bipani Bitan, Agartala MC,
Bordowali, Near Nagerjala",83,2,6,4
Uttar Pradesh,Agra,"Regional Office, Bodla",90,3,6,4
Uttar Pradesh,,Nunhai,94,3,12,5
Uttar Pradesh,,Taj Mahal,242,2,34,4
Uttar Pradesh,,DIC Nunhai,125,2,21,4
Uttar Pradesh,,Etmad-uddaulah,130,2,35,4
Uttar Pradesh,,Rambagh,124,2,20,4
Uttar Pradesh,Allahabad,Square crossing circle of Laxmi Talkies,92,2,16,9
Uttar Pradesh,,Bharat Yantra Nigam Ltd,102,2,19,8
Uttar Pradesh,,Alopibagh/Sewage Pumping Stations,92,2,5,3
Uttar Pradesh,,Jhonstonganj/co-operative Bank,57,2,3,2
Uttar Pradesh,,Rambagh/Parag Dairy,82,2,5,3
Uttar Pradesh,Anpara,"Anpara Colony, Sonabhadra",95,10,22,17
Uttar Pradesh,,"Renusagar Colony, Sonabhadra",97,11,21,17
Uttar Pradesh,Baghpat,"Sarvodaya Hospital, Tatiri Merrut, Baghpat
Road",93,6,37,11
Uttar Pradesh,,"Weavetex Overseas Hostel, Khekra, Baghpat",96,7,37,11
Uttar Pradesh,Bareily,IVRI Izatnaga,107,10,45,22
Uttar Pradesh,,"Indian oetrol pump, Civil Line",107,13,62,31
Uttar Pradesh,Firozabad,Center for Development of Glass Industry,104,6,12,8
Uttar Pradesh,,Tilak Nagar,104,6,12,8
Uttar Pradesh,,Raza ka Tal,103,6,12,8
Uttar Pradesh,Gajraula,"Raunaq Auto Ltd, J.P. Nagar",94,8,43,22
Uttar Pradesh,,"Indira Chowk, J.P. Nagar",91,10,50,28
Uttar Pradesh,Ghaziabad,"Atlas Cycles Industries, Sahibabad Ind. area",93,5,30,15
Uttar Pradesh,,Bulandshaar Road Industrial Area,87,5,26,13
Uttar Pradesh,,"Khora Colony, Ghaziabad
Vinoba Bhave Park, Lohia Nagar, Ghaziabad
M. M.M. Engineering College, Gorakhpur",86,7,35,12
Uttar Pradesh,,,85,7,30,12
Uttar Pradesh,Gorakpur,,93,2,26,10
Uttar Pradesh,,"India Glycol Ltd. Gida, Gorakhpur",101,18,62,33
Uttar Pradesh,,"Jalkal, Muncipal Corporation, Golghar",92,9,55,24
Uttar Pradesh,Greater Noida,"Holland Tractor, Greater Noida",88,6,48,12
Uttar Pradesh,,"Honda Power, Greater Noida",88,6,48,12
Uttar Pradesh,Hapur,"Srinagar Colony, Railway Road, Hapur",89,5,28,13
Uttar Pradesh,,"Jindal Pipes Ltd, Hapur",70,5,28,16
Uttar Pradesh,Jhansi,Manik Chawk / Jal chauraha,117,4,20,7
Uttar Pradesh,,Veeranga Nagar,117,3,18,6
Uttar Pradesh,Kanpur,"Forest & Training Centre, Kidwai Nagar",93,6,20,8
Uttar Pradesh,,Chamber Of Commerce Darshanpurwa /,94,6,11,8
Uttar Pradesh,,Deputy ka Parao,,,,
Uttar Pradesh,,"Associated Chem Pvt Ltd, Fazalganj, Panki,
Site-5",83,7,11,8
Uttar Pradesh,,"Head Post Office, Govind Nagar / Dabauli /
Shastri NGR",83,6,10,8
Uttar Pradesh,,Jajmau / Awas Vikas,93,6,9,8
Uttar Pradesh,,"I.I.T. Campus, Kanpur",100,2,2,2
Uttar Pradesh,,IIT 12 parameter,48,2,2,2
Uttar Pradesh,,"Dada Nagar, Kanpur",91,3,17,6
Uttar Pradesh,,"Ramadevi, Kanpur",88,2,4,2
Uttar Pradesh,Khurja,Central Glass & Ceramic Research Institute,95,19,26,22
Uttar Pradesh,,Ahirpara,92,19,23,20
Uttar Pradesh,Lucknow,Mahanagar,225,4,19,8
Uttar Pradesh,,"Chandganj Garden, Aliganj",270,4,19,8
Uttar Pradesh,,"Kapoor Hotel, Hazratganj",187,4,19,8
Uttar Pradesh,,Talkatora,268,4,19,8
Uttar Pradesh,,Aminabad / S.M.K Chowk,279,4,19,8
Uttar Pradesh,,Nagar Nigam,268,4,19,8
Uttar Pradesh,,"Ansal Technical Institute Campus, Ansal API",266,4,19,8
Uttar Pradesh,,Vikas Khand,56,2,2,2
Uttar Pradesh,Mathura,"RO. UPPCB, 65 Baldevpuri, Maholi Road",81,8,15,11
Uttar Pradesh,,"CETP, Industrial Area, Mathura",83,10,17,13
Uttar Pradesh,Meerut,Begum Bridge,59,9,12,10
Uttar Pradesh,,Thana Railway Road / Kesarganj,59,7,8,7
Uttar Pradesh,Moradabad,"Hindu College, Station Road",91,8,60,32
Uttar Pradesh,,"Central Police Hospital, Civil Lines",90,5,39,20
Uttar Pradesh,Muzaffarnagar,"Sahara Parivar Office, Kamal Cinema,
Building, Railway Station Road",97,6,13,8
Uttar Pradesh,,"Lekhpal Bhawan, Tehsil Sadar Campus",97,7,15,9
Uttar Pradesh,Noida,"UP PPCB, E-12/1, Sector - 1",97,5,31,14
Uttar Pradesh,,Gee-Pee Electroplating and Eng. Work,96,5,30,15
Uttar Pradesh,,"Subros, Noida",92,6,39,12
Uttar Pradesh,,"Golf Course, Noida",90,7,39,11
Uttar Pradesh,Raebareli,"Town Hall Colony, Ahmad Nagar, Gulab
Road",54,7,10,9
Uttar Pradesh,,"Khoya mandi Tiraha Lucknow Road
Raebareli",54,12,16,14
Uttar Pradesh,,Amawan Road Ind. Area Raebareli,54,7,11,10
Uttar Pradesh,Saharanpur,"SRE-A, IIT Roorkee, Saharanpur Campus",92,9,25,16
Uttar Pradesh,,"UPCL S.E. Office, Near Clock Tower",91,10,23,16
Uttar Pradesh,Unnao,"H. No. 5, Krishna Nagar",74,7,11,9
Uttar Pradesh,,"IIA Building, Industrial Area, Site 10",74,8,11,9
Uttar Pradesh,Varanasi,"Regional Office, Jawahar Nagar",98,4,14,9
Uttar Pradesh,,Sigra,191,3,14,9
Uttar Pradesh,,Saket Nagar,93,6,15,10
Uttar Pradesh,,Banaras Hindu University,91,6,12,9
Uttar Pradesh,,Chandpur,88,9,16,11
Uttarakhand,Dehradun,"Raipur Road, Near parag Diary",68,21,26,23
Uttarakhand,,"Clock Tower, PWD Guest House",70,23,27,25
Uttarakhand,,Himalaya Drug Co. Near ISBT,68,23,28,26
Uttarakhand,Haldwani,Govt. Women Hospital,103,5,32,8
Uttarakhand,Haridwar,"SIDCUL, Haridwar",66,16,23,20
Uttarakhand,Kashipur,"BSNL Office, Kashipur",97,13,24,14
Uttarakhand,Rishikesh,Nagar Palika Parishad,78,19,25,22
Uttarakhand,Rudrapur,SIDCUL Office,87,12,23,14
West Bengal,Alipurduar,Rabikanta High School,103,2,11,7
West Bengal,,Jaigaon Police Station,102,2,12,7
West Bengal,,Birpara Police Station,104,2,13,7
West Bengal,Amtala,"P Roy Industrial Training Institute, Amtala",104,2,12,7
West Bengal,Asansol,Asansol Municipal Corporation,104,8,18,15
West Bengal,,"Kangsabati Spinning Mill, Barjora",104,7,19,15
West Bengal,,"Burnpur Town Department, Burnpur",104,11,18,15
West Bengal,Baharampur,Baharampur Municipality,104,2,22,7
West Bengal,Balurghat,Balurghar College,104,2,12,6
West Bengal,Bankura,Bankura Municipility,104,2,14,2
West Bengal,Barasat,"Barasat Municipility, 73 Rishi Bankim",103,2,20,8
West Bengal,,Chandra Road,,,,
West Bengal,Bardhaman,"Bardhaman Town, Rajbati",104,2,14,2
West Bengal,Barrackpore,Barrackpore Municiaplity,104,2,19,8
West Bengal,,Dum Dum Telephone Exchange,103,3,16,8
West Bengal,,Khardah Municipality,103,4,21,8
West Bengal,Baruipur,"Bauipur Police Station, Baruipur",104,2,16,7
West Bengal,Bolpur,Bolpur Municipility,104,2,15,2
West Bengal,Chinsura,"Chinsura Municipility, Pipulpati Auto Stand",104,2,18,7
West Bengal,Coochbehar,ABM Seal College,104,2,14,7
West Bengal,,"Uttarbanga Krishi Visvavidyalaya, Pundibari",104,2,11,6
West Bengal,Dankuni,"Krishnanagar Municipility, Dankuni",104,2,18,7
West Bengal,Darjeeling,Bose Institute Campus,104,2,10,5
West Bengal,Durgapur,"DMC Water Works, Angadpur",104,9,17,15
West Bengal,,"Kwality Hotel, Bhiringi More, Benachiti",104,2,18,15
West Bengal,,"Bidhannagar, PCBL Club, Muchipara",103,7,22,11
West Bengal,,"Dew India Limited, PCBL More, Durgapur",104,2,18,15
West Bengal,Ghatal,"Annapurna Hotel, Ghatal-Panskura Bus
Stand",107,2,22,10
West Bengal,Haldia,"Debhog Milan Viyapith, Bhabanipur",107,4,19,9
West Bengal,,"Bhunia Raichak, Driver's Hut, Bhunia",105,3,22,10
West Bengal,,"Supermarket Building, Durgachak",106,2,20,9
West Bengal,,WBIIDC Ruchi Soya Ind. Durgachak,106,2,20,9
West Bengal,Howrah,Howrah Municipal Corporation,105,5,26,13
West Bengal,,"Naskarpara Pump House, Ghuseri",107,3,21,11
West Bengal,,"CDS & Health Centre, Bator",104,6,23,12
West Bengal,,"Howrah Municipality School, Bandhaghat",104,4,23,12
West Bengal,Jalpaiguri,Raninagar Jalpaigur,106,2,12,6
West Bengal,Jhargram,Jhargram,105,3,19,9
West Bengal,Kalimpong,Kalimpong Municipality,104,2,10,6
West Bengal,Kalyani,"College of Medicine & JNM Hospital, Kalyani
Industrial Area",104,2,20,7
West Bengal,Kharagpur,"AMD Building, TATA Bearing",106,5,24,13
West Bengal,Kolkata,"Salt Lake, Rooftop of CK Market",104,2,13,7
West Bengal,,"KMC office Building, Moulali",104,2,18,9
West Bengal,,"Minto Park, Inside Park AJC Bose Road",104,3,15,8
West Bengal,,"Dunlop Bridge, National Sample Survey",104,4,18,10
West Bengal,,"Behala Chowrasta, Traffic Guard Building",104,3,18,8
West Bengal,,"Upanagari Sporting Club, Baishnabghata",104,2,17,8
West Bengal,,"Cossipore Police Station, B.T. Road",79,2,35,10
West Bengal,,"Dalhousie Square, Lal Bazzar Police Headqtr.",79,2,36,9
West Bengal,,Kasba,78,2,37,5
West Bengal,,RD CPCB,111,2,22,4
West Bengal,,"Infectious Diseases & BG Hospital,
Beliaghata",104,2,18,8
West Bengal,,"CESC Building, Mandeville Gardens,
Gariahat",104,2,13,7
West Bengal,,"Administrative Building, Hyde Road",104,3,20,11
West Bengal,,"KMC Drainage, Pumping Station, 9
Mominpur Road, Mominpur",104,2,14,7
West Bengal,,Paribesh Bhawan,104,2,20,7
West Bengal,,"Milan Tirtha Club, Picnic Garden",104,2,22,9
West Bengal,,"Public Health Engineering Office Building,
Rajarhar",104,2,20,7
West Bengal,,"Tennis Club Biulding, 45-46 Canal West
Road, Fariapukur, Shyambazar",104,3,17,9
West Bengal,,"Elite India Rubber Products Pvt.Ltd., Topsia",104,3,17,9
West Bengal,,"Maniktala Fire Station Building, 17, Bagmari
Lane, Ultadanga",104,3,23,9
West Bengal,,Tollygunge,104,2,12,7
West Bengal,Krishnanagar,"Krishnanagar Municipility, TN Thakur Road",104,2,15,7
West Bengal,Madhyamgram,Madhyamgram Municipality,103,2,20,8
West Bengal,Malda,"WBPCB Office, Paribesh Bhaban, Vill.
Abhirampur",103,2,13,7
West Bengal,Medinipur,Vidyasagar University,107,4,18,9
West Bengal,Purulia,Purulia Municipility,104,2,13,2
West Bengal,Raigunj,Raigunj College,104,2,28,7
West Bengal,Rampurhat,Rampurhat Municipility,104,2,12,2
West Bengal,Ranaghat,"Ranaghat Municipility, 11 school lane",104,2,17,7
West Bengal,Raniganj,Raniganj Municipality,104,10,19,15
West Bengal,,"Mangalpur, SKS School Mangalpur",104,8,18,15
West Bengal,,Jamuria Municipality,104,7,20,15
West Bengal,Rishra,Rishra Municipility,104,2,21,8
West Bengal,Sankrail,Bharat Co-op Housing Society,104,2,23,9
West Bengal,,"Bagan Police Station, Bagan",104,3,23,10
West Bengal,,Dhulagar  Gram Pachayat,106,5,23,12
West Bengal,,"P Mukherjee's House, Near SBI Amta",104,4,34,11
West Bengal,Siliguri,Siliguri,105,2,13,6
West Bengal,Suri,Suri Municipility,104,2,15,2
West Bengal,Tamluk,"HP Gas Service Station, Maniktala",106,3,23,10
West Bengal,Tribeni,Tribeni Health Center,104,2,16,7
West Bengal,Uluberia,"ESI hospital nursing building, 3rd floor, Near
Sahib Mandir",104,3,23,10
